<?xml version="1.0" encoding="UTF-8"?>
<!--This is a Reload version 2.5.6 SCORM 2004 Content Package document-->
<!--Spawned from the Reload Content Package Generator - http://www.reload.ac.uk-->
<manifest xmlns="http://www.imsglobal.org/xsd/imscp_v1p1" xmlns:imsmd="http://ltsc.ieee.org/xsd/LOM" xmlns:xsi="http://www.w3.org/2001/XMLSchema-instance" xmlns:adlcp="http://www.adlnet.org/xsd/adlcp_v1p3" xmlns:imsss="http://www.imsglobal.org/xsd/imsss" xmlns:adlseq="http://www.adlnet.org/xsd/adlseq_v1p3" xmlns:adlnav="http://www.adlnet.org/xsd/adlnav_v1p3" identifier="MANIFEST-34F70EDE5A22CEE24D36A8174B30C5F7" xsi:schemaLocation="http://www.imsglobal.org/xsd/imscp_v1p1 imscp_v1p1.xsd http://ltsc.ieee.org/xsd/LOM lom.xsd http://www.adlnet.org/xsd/adlcp_v1p3 adlcp_v1p3.xsd http://www.imsglobal.org/xsd/imsss imsss_v1p0.xsd http://www.adlnet.org/xsd/adlseq_v1p3 adlseq_v1p3.xsd http://www.adlnet.org/xsd/adlnav_v1p3 adlnav_v1p3.xsd"  version="1.3">
  <metadata>
    <schema>ADL SCORM</schema>
    <schemaversion>2004 3rd Edition</schemaversion>
  </metadata>
  <organizations default="ORG-FBB814F67BEB7CA03358728A292F6C74">
    <organization identifier="ORG-FBB814F67BEB7CA03358728A292F6C74" structure="hierarchical">
      <title>Xertica</title>
      <item identifier="ITEM-8FD9AE3F3BE944D53A539767DCBEA67A" identifierref="RES-4F2DCFCF07346987B56CD786FC28B25D" isvisible="true">
        <title>Contenido</title>
      </item>
    </organization>
  </organizations>
  <resources>
    <resource identifier="RES-4F2DCFCF07346987B56CD786FC28B25D" adlcp:scormType="sco" type="webcontent" href="index.html">
      <file href="index.html" />
      <file href="style.728ca40d56e9a5b7250a.css" />
      <file href="main.00be6435251d45c84d28.js" />
    </resource>
  </resources>
</manifest>

