<?xml version="1.0" encoding="UTF-8"?>
<!--This is a Reload version 2.0.2 SCORM 1.2 Content Package document-->
<!--Spawned from the Reload Content Package Generator - http://www.reload.ac.uk-->
<manifest xmlns="http://www.imsproject.org/xsd/imscp_rootv1p1p2" xmlns:imsmd="http://www.imsglobal.org/xsd/imsmd_rootv1p2p1" xmlns:xsi="http://www.w3.org/2001/XMLSchema-instance" xmlns:adlcp="http://www.adlnet.org/xsd/adlcp_rootv1p2" identifier="MANIFEST-2CCE1DED-D659-B08B-0DA0-314CAF4D0E18" xsi:schemaLocation="http://www.imsproject.org/xsd/imscp_rootv1p1p2 imscp_rootv1p1p2.xsd http://www.imsglobal.org/xsd/imsmd_rootv1p2p1 imsmd_rootv1p2p1.xsd http://www.adlnet.org/xsd/adlcp_rootv1p2 adlcp_rootv1p2.xsd">
  <organizations default="ORG-48BB323B-661F-0B57-3178-D785E1A8E7D9">
    <organization identifier="ORG-48BB323B-661F-0B57-3178-D785E1A8E7D9" structure="hierarchical">
      <title>Curso G-Suite Básico</title>
      <item identifier="ITEM-11C41710-E868-366B-40E1-9563D8BFFCC4" identifierref="RES-85F62854-7137-FC9A-E9B5-E8E22265A964" isvisible="true">
        <title>Contenido</title>
      </item>
    </organization>
  </organizations>
  <resources>
    <resource identifier="RES-85F62854-7137-FC9A-E9B5-E8E22265A964" type="webcontent" adlcp:scormtype="sco" href="index.html">
      <file href="index.html" />
      <file href="style.2505afefe0b922c9bbb4.css" />
      <file href="main.e2e993f628efcfaf2a8d.js" />	  
    </resource>
  </resources>
</manifest>

